{"cameraMode":{"drawMode":0,"name":"Shaded","section":"Shading Mode"},"sceneLighting":false,"audioPlay":false,"sceneViewState":{"showFog":true,"showMaterialUpdate":false,"showSkybox":false,"showFlares":true,"showImageEffects":true,"showParticleSystems":true},"in2DMode":false,"pivot":{"x":-2.8655319213867189,"y":0.20188289880752564,"z":0.3960351347923279},"rotation":{"x":-0.056319769471883777,"y":0.6919213533401489,"z":-0.05429518595337868,"w":-0.7177213430404663},"size":7.000357627868652,"orthographic":false}